symbol,company_name,sector
GAYAPROJ,GAYATRI PROJECTS,Industrials
HFCL,HFCL,Technology
FEDFINA,FEDBANK FINANCIAL SERVICES LTD,Financial Services
MTARTECH,MTAR TECHNOLOGIES,Industrials
PINELABS,PINE LABS LTD.,Technology
EASEMYTRIP,EASY TRIP PLANNERS,Consumer Cyclical
JSWINFRA,JSW INFRASTRUCTURE LTD.,Industrials
GENSOL,GENSOL ENGINEERING,Technology
IDEAFORGE,IDEAFORGE TECHNOLOGY,Technology
APOLLO,APOLLO MICRO SYSTEMS,Industrials
MEGASTAR,MEGASTAR FOODS,Consumer Defensive
ZEEMEDIA,ZEE MEDIA CORP,Communication Services
WELCORP,WELSPUN CORP,Basic Materials
ASTRAMICRO,ASTRA MICRO,Technology
CUPID,CUPID,Consumer Defensive
SENORES,SENORES PHARMACEUTICALS LTD.,Healthcare
5PAISA,5PAISA CAPITAL,Financial Services
PREMIERENE,PREMIER ENERGIES LTD.,Technology
TIL,TIL,Industrials
KISSHT,ONEMI TECHNOLOGY SOLUTIONS LTD.,Financial Services
RPTECH,RASHI PERIPHERALS LTD.,Technology
CHENNPETRO,CHENNAI PETROLEUM,Energy
BHEL,BHEL,Industrials
SEAMECLTD,SEAMEC,Industrials
KRN,KRN HEAT EXCHANGER AND REFRIGERATION LTD.,Technology
RGL,RENAISSANCE GLOBAL,Consumer Cyclical
AEROFLEX,AEROFLEX INDUSTRIES,Industrials
CRAFTSMAN,CRAFTSMAN AUTOMATION,Consumer Cyclical
NUVAMA,NUVAMA WEALTH MANAGEMENT,Financial Services
SBC,SBC EXPORTS,Industrials
RSL,RAJPUTANA STAINLESS LTD.,Basic Materials
COALINDIA,COAL INDIA,Energy
BSE,BSE,Financial Services
BORORENEW,BOROSIL RENEWABLES,Technology
VEDL,VEDANTA,Basic Materials
QUADFUTURE,QUADRANT FUTURE TEK LTD.,Industrials
RNBDENIMS,R&B DENIMS,Consumer Cyclical
PCJEWELLER,PC JEWELLER,Consumer Cyclical
BBL,BHARAT BIJLEE,Industrials
ONESOURCE,ONESOURCE SPECIALTY PHARMA LTD.,Healthcare
JSWENERGY,JSW ENERGY,Utilities
WABAG,VA TECH WABAG,Industrials
SKYGOLD,SKY GOLD,Consumer Cyclical
RRKABEL,RR KABEL LTD.,Industrials
EMCURE,EMCURE PHARMACEUTICALS LTD.,Healthcare
WAAREEENER,WAAREE ENERGIES LTD.,Technology
GANECOS,GANESHA ECOSPHERE,Consumer Cyclical
NIVABUPA,NIVA BUPA HEALTH INSURANCE COMPANY LTD.,Financial Services
HINDALCO,HINDALCO,Basic Materials
RAMCOSYS,RAMCO SYSTEMS,Technology
RICOAUTO,RICO AUTO,Consumer Cyclical
WINDLAS,WINDLAS BIOTECH,Healthcare
PTC,PTC INDIA,Utilities
AVALON,AVALON TECHNOLOGIES,Technology
CORONA,CORONA REMEDIES LTD.,Healthcare
APARINDS,APAR INDUSTRIES,Industrials
GOLDIAM,GOLDIAM INTERNATIONAL,Consumer Cyclical
AHCL,ANLON HEALTHCARE LTD.,Healthcare
NYKAA,FSN E-COMMERCE VENTURES,Consumer Cyclical
SANDHAR,SANDHAR TECHNOLOGIES,Consumer Cyclical
JKIPL,JINKUSHAL INDUSTRIES LTD.,Industrials
MONARCH,MONARCH NETWORTH CAPITAL,Financial Services
ANTHEM,ANTHEM BIOSCIENCES LTD.,Healthcare
AEQUS,AEQUS LTD.,Industrials
MIDHANI,MISHRA DHATU NIGAM,Basic Materials
ADVANCE,ADVANCE AGROLIFE LTD.,Basic Materials
ADVENZYMES,ADVANCED ENZYME TECHNOLOGIES,Basic Materials
DEEDEV,DEE DEVELOPMENT ENGINEERS LTD,Industrials
THANGAMAYL,THANGAMAYIL JEWELLERY,Consumer Cyclical
PRABHA,PRABHA ENERGY LTD,Energy
AUROPHARMA,AUROBINDO PHARMA,Healthcare
AETHER,AETHER INDUSTRIES,Basic Materials
NORTHARC,NORTHERN ARC CAPITAL LTD.,Financial Services
AAATECH,AAA TECHNOLOGIES,Technology
MEDIASSIST,MEDI ASSIST HEALTHCARE SERVICES LTD.,Healthcare
BANSALWIRE,BANSAL WIRE INDUSTRIES LTD.,Basic Materials
MAYURUNIQ,MAYUR UNIQUOTERS,Consumer Cyclical
QPOWER,QUALITY POWER ELECTRICAL EQUIPMENTS LTD.,Industrials
RISHABH,RISHABH INSTRUMENTS LTD.,Technology
MSPL,MSP STEEL & POWER,Basic Materials
SEIL,SHANTI EDUCATIONAL INITIATIVES,Consumer Defensive
MEESHO,MEESHO LTD.,Consumer Cyclical
SUPRIYA,SUPRIYA LIFESCIENCE,Healthcare
WHIRLPOOL,WHIRLPOOL OF INDIA,Consumer Cyclical
NLCINDIA,NLC INDIA,Utilities
SBFC,SBFC FINANCE LTD,Financial Services
MSTCLTD,MSTC,Industrials
EQUITASBNK,EQUITAS SMALL FINANCE BANK,Financial Services
CENTUM,CENTUM ELECTRONICS,Technology
ABCAPITAL,ADITYA BIRLA CAPITAL,Financial Services
TIINDIA,TUBE INVESTMENTS OF INDIA,Industrials
GOODLUCK,GOODLUCK INDIA,Basic Materials
SYRMA,SYRMA SGS TECHNOLOGY,Technology
PFC,POWER FINANCE CORPORATION,Financial Services
NELCO,NELCO,Technology
JLHL,JUPITER LIFE LINE HOSPITALS LTD.,Healthcare
BHARATFORG,BHARAT FORGE,Industrials
MOTISONS,MOTISONS JEWELLERS LTD.,Consumer Cyclical
IFCI,IFCI,Financial Services
OLECTRA,OLECTRA GREENTECH,Industrials
DCBBANK,DCB BANK,Financial Services
WHEELS,WHEELS INDIA,Consumer Cyclical
KIRLPNU,KIRLOSKAR PNEUMATIC,Industrials
HSCL,HIMADRI SPECIALITY CHEMICAL,Basic Materials
PIRAMALFIN,PIRAMAL FINANCE LTD.,Financial Services
SHRIRAMPPS,SHRIRAM PROPERTIES,Real Estate
EMUDHRA,EMUDHRA,Technology
ACMESOLAR,ACME SOLAR HOLDINGS LTD.,Utilities
POLYCAB,POLYCAB INDIA,Industrials
INDIAMART,INDIAMART INTERMESH,Consumer Cyclical
HARIOMPIPE,HARIOM PIPE,Basic Materials
TENNIND,TENNECO CLEAN AIR INDIA LTD.,Consumer Cyclical
RPSGVENT,RPSG VENTURES,Technology
ADANIGREEN,ADANI GREEN ENERGY,Utilities
LUPIN,LUPIN,Healthcare
DSSL,DYNACONS SYSTEMS & SOLUTIONS,Technology
SIS,SIS,Industrials
YATRA,YATRA ONLINE,Consumer Cyclical
AGIIL,AGI INFRA,Real Estate
DEVYANI,DEVYANI INTERNATIONAL,Consumer Cyclical
WINDMACHIN,WINDSOR MACHINES,Industrials
ADOR,ADOR WELDING,Industrials
MODIS,MODIS NAVNIRMAN LTD.,Real Estate
KSHINTL,KSH INTERNATIONAL LTD.,Industrials
NSLNISP,NMDC STEEL,Basic Materials
AAREYDRUGS,AAREY DRUGS,Healthcare
CPPLUS,ADITYA INFOTECH LTD.,Industrials
BIOCON,BIOCON,Healthcare
IDEA,VODAFONE IDEA,Communication Services
UPL,UPL,Basic Materials
INDUSINDBK,INDUSIND BANK,Financial Services
MMFL,M.M.FORGINGS,Industrials
SASKEN,SASKEN TECHNOLOGIES,Technology
ICICIAMC,ICICI PRUDENTIAL ASSET MANAGEMENT COMPANY LTD.,Financial Services
PRIVISCL,PRIVI SPECIALITY CHEMICALS,Basic Materials
UNIPARTS,UNIPARTS INDIA,Industrials
HDBFS,HDB FINANCIAL SERVICES LTD.,Financial Services
BELRISE,BELRISE INDUSTRIES LTD.,Consumer Cyclical
CREDITACC,CREDITACCESS GRAMEEN,Financial Services
JSWSTEEL,JSW STEEL,Basic Materials
CUMMINSIND,CUMMINS INDIA,Industrials
TEJASNET,TEJAS NETWORKS,Technology
TATATECH,TATA TECHNOLOGIES LTD.,Technology
WIPRO,WIPRO,Technology
KRYSTAL,KRYSTAL INTEGRATED SERVICES LTD,Industrials
GKENERGY,GK ENERGY LTD.,Utilities
IVALUE,IVALUE INFOSOLUTIONS LTD.,Technology
MINDACORP,MINDA CORPORATION,Consumer Cyclical
BLUESTONE,BLUESTONE JEWELLERY AND LIFESTYLE LTD.,Consumer Cyclical
V2RETAIL,V2 RETAIL,Consumer Cyclical
FLAIR,FLAIR WRITING INDUSTRIES LTD.,Industrials
EMMVEE,EMMVEE PHOTOVOLTAIC POWER LTD.,Technology
REDINGTON,REDINGTON,Technology
SUNCLAY,SUNDARAM-CLAYTON LTD.,Industrials
BANKBARODA,BANK OF BARODA,Financial Services
VSTIND,VST INDUSTRIES,Consumer Defensive
WELENT,WELSPUN ENTERPRISES,Industrials
PWL,PHYSICSWALLAH LTD.,Consumer Defensive
CAMS,COMPUTER AGE MANAGEMENT SERVICES,Technology
VADILALIND,VADILAL INDUSTRIES,Consumer Defensive
ETHOSLTD,ETHOS,Consumer Cyclical
UNIVCABLES,UNIVERSAL CABLES,Industrials
PPL,PRAKASH PIPES,Industrials
GNA,GNA AXLES,Consumer Cyclical
SONATSOFTW,SONATA SOFTWARE,Technology
STLNETWORK,STL NETWORKS LTD.,Communication Services
PACEDIGITK,PACE DIGITEK LTD.,Technology
PATELENG,PATEL ENGINEERING,Industrials
UTKARSHBNK,UTKARSH SMALL FINANCE BANK,Financial Services
STUDDS,STUDDS ACCESSORIES LTD.,Consumer Cyclical
LGEINDIA,LG ELECTRONICS INDIA LTD.,Technology
FRACTAL,FRACTAL ANALYTICS LTD.,Technology
HINDOILEXP,HIND.OIL EXP,Energy
OPTIEMUS,OPTIEMUS INFRACOM,Technology
KPRMILL,KPR MILL,Consumer Cyclical
VTL,VARDHMAN TEXTILES,Consumer Cyclical
SSWL,STEEL STRIPS WHEELS,Consumer Cyclical
KRSNAA,KRSNAA DIAGNOSTICS,Healthcare
TIMKEN,TIMKEN INDIA,Industrials
GOKULAGRO,GOKUL AGRO RESOURCES,Consumer Defensive
SWELECTES,SWELECT ENERGY SYSTEMS,Technology
DECCANCE,DECCAN CEMENTS,Basic Materials
SMSPHARMA,SMS PHARMA,Healthcare
OSIAHYPER,OSIA HYPER RETAIL,Consumer Cyclical
INDRAMEDCO,INDRAPRASTHA MEDICAL,Healthcare
USHAMART,USHA MARTIN,Basic Materials
SAMHI,SAMHI HOTELS LTD.,Consumer Cyclical
MANORAMA,MANORAMA INDUSTRIES,Consumer Defensive
ENTERO,ENTERO HEALTHCARE SOLUTIONS LTD.,Healthcare
TNPETRO,TAMILNADU PETROPRODUCTS,Basic Materials
SHAREINDIA,SHARE INDIA SECURITIES,Financial Services
SANGHVIMOV,SANGHVI MOVERS,Industrials
GATEWAY,GATEWAY DISTRIPARKS,Industrials
TRANSRAILL,TRANSRAIL LIGHTING LTD.,Industrials
TATASTEEL,TATA STEEL,Basic Materials
EXIDEIND,EXIDE INDUSTRIES,Consumer Cyclical
POLYPLEX,POLYPLEX CORPORATION,Basic Materials
SHILPAMED,SHILPA MEDICARE,Healthcare
SUMEETINDS,SUMEET INDUSTRIES,Consumer Cyclical
DIFFNKG,DIFFUSION ENGINEERS LTD.,Industrials
SUZLON,SUZLON ENERGY,Industrials
ESAFSFB,ESAF SMALL FINANCE BANK,Financial Services
MUTHOOTMF,MUTHOOT MICROFIN LTD.,Financial Services
TATACAP,TATA CAPITAL LTD.,Financial Services
DECNGOLD,DECCAN GOLD MINES,Basic Materials
APOLLOPIPE,APOLLO PIPES,Industrials
SGFIN,SG FINSERVE,Financial Services
SANSTAR,SANSTAR LTD.,Basic Materials
AMRUTANJAN,AMRUTANJAN HEALTHCARE,Healthcare
RML,RANE MADRAS,Consumer Cyclical
QUESS,QUESS CORP,Industrials
SUDEEPPHRM,SUDEEP PHARMA LTD.,Healthcare
ALKEM,ALKEM LABORATORIES,Healthcare
RAILTEL,RAILTEL CORP OF INDIA,Communication Services
INDIANB,INDIAN BANK,Financial Services
MWL,MANGALAM WORLDWIDE LTD.,Basic Materials
GREENPLY,GREENPLY INDUSTRIES,Basic Materials
GPTINFRA,GPT INFRA,Industrials
FCL,FINEOTEX CHEMICAL,Basic Materials
MOBIKWIK,ONE MOBIKWIK SYSTEMS LTD.,Technology
HPL,HPL ELECTRIC & POWER,Industrials
GRWRHITECH,GARWARE HI-TECH FILMS,Basic Materials
SCODATUBES,SCODA TUBES LTD.,Basic Materials
SHREEJISPG,SHREEJI SHIPPING GLOBAL LTD.,Industrials
MASFIN,MAS FINANCIAL SERVICES,Financial Services
GODIGIT,GO DIGIT GENERAL INSURANCE LTD.,Financial Services
ZENSARTECH,ZENSAR TECHNOLOGIES,Technology
DMART,AVENUE SUPERMARTS,Consumer Defensive
GPTHEALTH,GPT HEALTHCARE LTD.,Healthcare
VAIBHAVGBL,VAIBHAV GLOBAL,Consumer Cyclical
THERMAX,THERMAX,Industrials
ASKAUTOLTD,ASK AUTOMOTIVE LTD.,Consumer Cyclical
BHARATCOAL,BHARAT COKING COAL LTD.,Basic Materials
BAJAJHCARE,BAJAJ HEALTHCARE,Healthcare
SKFINDUS,SKF INDIA (INDUSTRIAL) LTD.,Industrials
PNBHOUSING,PNB HOUSING FINANCE,Financial Services
NTCIND,NTC INDUSTRIES,Consumer Defensive
AYMSYNTEX,AYM SYNTEX,Consumer Cyclical
PIXTRANS,PIX TRANS,Industrials
TRACXN,TRACXN TECHNOLOGIES,Technology
PSPPROJECT,PSP PROJECTS,Industrials
3IINFOLTD,3I INFOTECH,Technology
MAMATA,MAMATA MACHINERY LTD.,Industrials
EPACKPEB,EPACK PREFAB TECHNOLOGIES LTD.,Industrials
BALAMINES,BALAJI AMINES,Basic Materials
KIMS,KIMS,Healthcare
RAMCOIND,RAMCO INDUSTRIES,Industrials
BLSE,BLS E-SERVICES LTD.,Industrials
HUDCO,HUDCO,Financial Services
BAJAJ-AUTO,BAJAJ AUTO,Consumer Cyclical
ARVINDFASN,ARVIND FASHIONS,Consumer Cyclical
PPAP,PPAP AUTOMOTIVE,Consumer Cyclical
MFSL,MAX FINANCIAL SERVICES,Financial Services
LALPATHLAB,DR. LAL PATHLABS,Healthcare
RANEHOLDIN,RANE HOLDINGS,Consumer Cyclical
SAATVIKGL,SAATVIK GREEN ENERGY LTD.,Technology
FIEMIND,FIEM INDUSTRIES,Consumer Cyclical
TATACHEM,TATA CHEMICALS,Basic Materials
CARERATING,CARE RATING,Financial Services
VIKRAN,VIKRAN ENGINEERING LTD.,Industrials
WENDT,WENDT (INDIA),Industrials
BALMLAWRIE,BALMER LAWRIE,Industrials
SUNDRMFAST,SUNDRAM FASTENERS,Consumer Cyclical
BOROSCI,BOROSIL SCIENTIFIC LTD.,Consumer Cyclical
GRINFRA,G R INFRAPROJECTS,Industrials
HAPPYFORGE,HAPPY FORGINGS LTD.,Industrials
BRIGHOTEL,BRIGADE HOTEL VENTURES LTD.,Consumer Cyclical
ARROWGREEN,ARROW GREENTECH LIMITED,Consumer Cyclical
PRECAM,PRECISION CAMSHAFTS,Consumer Cyclical
VINEETLAB,VINEET LABORATORIES,Basic Materials
SIGNPOST,SIGNPOST INDIA LTD.,Communication Services
GIPCL,GUJARAT INDUSTRIES POWER,Utilities
WOCKPHARMA,WOCKHARDT,Healthcare
MAHSEAMLES,MAHARASHTRA SEAMLESS,Basic Materials
OCCLLTD,OCCL LTD.,Basic Materials
DJML,DJ MEDIAPRINT & LOGISTICS,Industrials
SPORTKING,SPORTKING INDIA,Consumer Cyclical
ZEELEARN,ZEE LEARN,Consumer Defensive
PGHL,PROCTER & GAMBLE HEALTH,Healthcare
FLUOROCHEM,GUJARAT FLUOROCHEMICALS,Basic Materials
RTNPOWER,RATTANINDIA POWER,Utilities
VENUSREM,VENUS REMEDIES,Healthcare
SMARTWORKS,SMARTWORKS COWORKING SPACES LTD.,Real Estate
JTEKTINDIA,JTEKT INDIA,Consumer Cyclical
KRISHANA,KRISHANA PHOSCHEM,Basic Materials
TRIDENT,TRIDENT,Consumer Cyclical
OLAELEC,OLA ELECTRIC MOBILITY LTD.,Consumer Cyclical
SCHAEFFLER,SCHAEFFLER INDIA,Consumer Cyclical
INNOVACAP,INNOVA CAPTAB LTD.,Healthcare
MAHEPC,MAHINDRA EPC IRRIGATION,Industrials
FERMENTA,FERMENTA BIOTECH,Healthcare
DENORA,DE NORA INDIA,Industrials
SHALBY,SHALBY,Healthcare
TORNTPOWER,TORRENT POWER,Utilities
PNCINFRA,PNC INFRATECH,Industrials
SANGAMIND,SANGAM INDIA,Consumer Cyclical
NAVNETEDUL,NAVNEET EDUCATION,Communication Services
EIEL,ENVIRO INFRA ENGINEERS LTD.,Industrials
DLINKINDIA,D-LINK (INDIA),Technology
GTL,GTL,Communication Services
GODREJIND,GODREJ INDUSTRIES,Industrials
FIRSTCRY,BRAINBEES SOLUTIONS LTD.,Consumer Cyclical
AIAENG,AIA ENGINEERING,Industrials
HUBTOWN,HUBTOWN,Real Estate
BAYERCROP,BAYER CROPSCIENCE,Basic Materials
IZMO,IZMO,Technology
ROSSTECH,ROSSELL TECHSYS LTD.,Industrials
PARKHOTELS,APEEJAY SURRENDRA PARK HOTELS LTD.,Consumer Cyclical
TECHM,TECH MAHINDRA,Technology
CENTRUM,CENTRUM CAPITAL,Financial Services
HEXAGON,HEXAGON NUTRITION LTD.,Consumer Defensive
RELAXO,RELAXO FOOTWEARS,Consumer Cyclical
VINDHYATEL,VINDHYA TELELINKS,Industrials
EUROPRATIK,EURO PRATIK SALES LTD.,Basic Materials
INDOTHAI,INDO THAI,Financial Services
INDOAMIN,INDO AMINES,Basic Materials
NTPCGREEN,NTPC GREEN ENERGY LTD.,Utilities
HAPPSTMNDS,HAPPIEST MINDS TECHNOLOGIES,Technology
KKCL,KEWAL KIRAN CLOTHING,Consumer Cyclical
CNL,CREATIVE NEWTECH,Technology
BIRLAMONEY,ADITYA BIRLA MONEY,Financial Services
SETCO,SETCO AUTOMOTIVE,Consumer Cyclical
MEDICO,MEDICO REMEDIES,Healthcare
ROTO,ROTO PUMPS,Industrials
APCOTEXIND,APCOTEX INDUSTRIES,Basic Materials
ASIANENE,ASIAN ENERGY SERVICES,Energy
ALLTIME,ALL TIME PLASTICS LTD.,Consumer Defensive
TATAINVEST,TATA INVESTMENT,Financial Services
IOB,INDIAN OVERSEAS BANK,Financial Services
CENTEXT,CENTURY EXTRUSIONS,Basic Materials
SOMANYCERA,SOMANY CERAMICS,Industrials
VISHAL,VISHAL FABRICS,Consumer Cyclical
FINCABLES,FINOLEX CABLES,Industrials
ROHLTD,ROYAL ORCHID HOTELS,Consumer Cyclical
EIHOTEL,EIH,Consumer Cyclical
HNDFDS,HINDUSTAN FOODS,Industrials
SUYOG,SUYOG TELEMATICS,Communication Services
ORIENTTECH,ORIENT TECHNOLOGIES LTD.,Technology
ADANIPOWER,ADANI POWER,Utilities
BESTAGRO,BEST AGROLIFE,Basic Materials
PLASTIBLEN,PLASTIBLENDS INDIA,Basic Materials
COASTCORP,COASTAL CORPORATION,Consumer Defensive
HAWKINCOOK,HAWKINS COOKERS,Consumer Cyclical
